Series Name,Series Code,Country Name,Country Code,1990 [YR1990],2012 [YR2012],2013 [YR2013],2014 [YR2014],2015 [YR2015],2016 [YR2016],2017 [YR2017],2018 [YR2018],2019 [YR2019],2020 [YR2020],2021 [YR2021]
"New business density (new registrations per 1,000 people ages 15-64)",IC.BUS.NDNS.ZS,Afghanistan,AFG,..,0.225927940102482,0.193162004507073,0.142361804270184,0.124470105095823,0.13002886502701,0.154863500533131,0.211651121897032,..,..,..
"New business density (new registrations per 1,000 people ages 15-64)",IC.BUS.NDNS.ZS,Albania,ALB,..,0.951527361100831,1.06342133713235,1.14587185913294,1.31872862434373,1.37790710039934,1.52807521334242,1.6578247650228,1.63353829825162,1.52483619013594,..
"New business density (new registrations per 1,000 people ages 15-64)",IC.BUS.NDNS.ZS,Algeria,DZA,..,0.309461290154696,0.303755499945527,0.327979309199905,0.311346049419501,0.336151387893455,0.372107583473499,0.353296737480681,..,..,..
"New business density (new registrations per 1,000 people ages 15-64)",IC.BUS.NDNS.ZS,American Samoa,ASM,..,..,..,..,..,..,..,..,..,..,..
"New business density (new registrations per 1,000 people ages 15-64)",IC.BUS.NDNS.ZS,Andorra,AND,..,..,..,..,..,..,..,..,..,..,..
"New business density (new registrations per 1,000 people ages 15-64)",IC.BUS.NDNS.ZS,Angola,AGO,..,..,..,..,..,..,..,..,..,..,..
"New business density (new registrations per 1,000 people ages 15-64)",IC.BUS.NDNS.ZS,Antigua and Barbuda,ATG,..,2.70405124820937,3.43887673924757,3.84356983266409,4.18113091105454,4.52336562853388,5.75522134884214,4.20742610707899,3.61194029850746,3.78388805626864,..
"New business density (new registrations per 1,000 people ages 15-64)",IC.BUS.NDNS.ZS,Argentina,ARG,..,0.184657612822972,0.200203136189905,0.172029509998524,0.179440387753378,0.21074882010205,0.219978653319665,0.198629933646666,..,..,..
"New business density (new registrations per 1,000 people ages 15-64)",IC.BUS.NDNS.ZS,Armenia,ARM,..,1.58728026244361,1.57858368280595,1.56980192647599,1.72930979597313,1.7385481191485,2.20422111071312,3.05245628974112,3.43185592692547,2.85545963882944,..
"New business density (new registrations per 1,000 people ages 15-64)",IC.BUS.NDNS.ZS,Aruba,ABW,..,..,..,..,..,..,..,..,..,..,..
"New business density (new registrations per 1,000 people ages 15-64)",IC.BUS.NDNS.ZS,Australia,AUS,..,12.0807337158743,13.060156690824,14.2282656895346,15.2739408215988,15.2480042209321,15.4478731355018,14.4796186606973,13.5899134759266,14.2723975813457,..
"New business density (new registrations per 1,000 people ages 15-64)",IC.BUS.NDNS.ZS,Austria,AUT,..,0.477955660014677,0.492758760141128,0.509209763239236,0.521226518486455,0.514658532017354,0.5182145789447,0.508252963113079,0.510430236689394,0.530611879455657,..
"New business density (new registrations per 1,000 people ages 15-64)",IC.BUS.NDNS.ZS,Azerbaijan,AZE,..,0.699257790588419,1.06258432003641,0.997105272800557,0.756028960786804,1.04159828126905,1.58673376923312,1.65845319779658,2.23201010103022,1.29979590438778,..
"New business density (new registrations per 1,000 people ages 15-64)",IC.BUS.NDNS.ZS,"Bahamas, The",BHS,..,..,..,..,..,..,..,..,..,..,..
"New business density (new registrations per 1,000 people ages 15-64)",IC.BUS.NDNS.ZS,Bahrain,BHR,..,1.33788705291115,1.41091078081555,1.39820186770231,1.48680049452484,3.8396043845922,3.59408907008,3.11021620192405,..,..,..
"New business density (new registrations per 1,000 people ages 15-64)",IC.BUS.NDNS.ZS,Bangladesh,BGD,..,..,..,..,0.0736932382611236,0.0775846332445701,0.0717065812937578,0.041286231610332,..,..,..
"New business density (new registrations per 1,000 people ages 15-64)",IC.BUS.NDNS.ZS,Barbados,BRB,..,..,..,..,5.77747568754575,5.51430272268697,4.93145537946114,4.48257327885363,4.9034966787818,4.88470730980236,..
"New business density (new registrations per 1,000 people ages 15-64)",IC.BUS.NDNS.ZS,Belarus,BLR,..,1.14708931691235,1.35003065109109,1.06048800578849,0.925295202568298,0.979319550430309,1.20439637617799,1.34338494093275,1.36278123326296,1.14093799230073,..
"New business density (new registrations per 1,000 people ages 15-64)",IC.BUS.NDNS.ZS,Belgium,BEL,..,2.71866375249309,2.6164257268223,2.71909045635596,2.82204653764541,3.1011849517749,3.13302963446759,3.71075532503756,4.23306440699933,4.66768705824476,..
"New business density (new registrations per 1,000 people ages 15-64)",IC.BUS.NDNS.ZS,Belize,BLZ,..,4.14308278004215,3.7226898176765,2.94892285527767,2.94608018575581,2.97476331323282,3.20674199965333,3.06506945616107,3.01096319498825,2.56495529485518,..
"New business density (new registrations per 1,000 people ages 15-64)",IC.BUS.NDNS.ZS,Benin,BEN,..,..,0.169789309457883,0.250974478329026,0.498679133762319,0.522196508689708,0.515354844558887,0.486351841642686,0.534100374196596,0.607464342340039,..
"New business density (new registrations per 1,000 people ages 15-64)",IC.BUS.NDNS.ZS,Bermuda,BMU,..,..,..,..,..,..,..,..,..,..,..
"New business density (new registrations per 1,000 people ages 15-64)",IC.BUS.NDNS.ZS,Bhutan,BTN,..,0.179659085929626,0.0492778650257852,0.0608036566061076,0.0903871239433437,0.100674721986755,0.142318647498453,0.0913169260779769,..,..,..
"New business density (new registrations per 1,000 people ages 15-64)",IC.BUS.NDNS.ZS,Bolivia,BOL,..,..,..,..,..,..,..,0.512640885286436,..,..,..
"New business density (new registrations per 1,000 people ages 15-64)",IC.BUS.NDNS.ZS,Bosnia and Herzegovina,BIH,..,..,..,..,..,1.18714291319133,1.04519647803584,1.09071865365154,1.13293252935305,1.00560504128891,..
"New business density (new registrations per 1,000 people ages 15-64)",IC.BUS.NDNS.ZS,Botswana,BWA,..,12.8888379511571,11.9026775503766,14.532408574441,18.1018746280424,20.0905899671611,15.2070441944117,15.1036491792027,12.1919817916607,17.9837464083535,..
"New business density (new registrations per 1,000 people ages 15-64)",IC.BUS.NDNS.ZS,Brazil,BRA,..,2.26874332008211,2.18994066740579,1.89926698706597,1.72823851179057,1.57789459442645,1.62407631781024,1.7379789498387,1.97977715576373,2.73403227219027,..
"New business density (new registrations per 1,000 people ages 15-64)",IC.BUS.NDNS.ZS,British Virgin Islands,VGB,..,..,..,..,..,..,..,..,..,..,..
"New business density (new registrations per 1,000 people ages 15-64)",IC.BUS.NDNS.ZS,Brunei Darussalam,BRN,..,1.68713489346446,1.64316081874379,1.95167476174581,2.54979651952775,2.64696809375176,2.39392708838209,2.4088049094354,2.38224666645349,1.00174036538163,..
"New business density (new registrations per 1,000 people ages 15-64)",IC.BUS.NDNS.ZS,Bulgaria,BGR,..,1.73836561538001,1.68270919476555,1.61970274035064,1.84883877235409,2.02592530800601,1.96769979993671,1.95781337782393,1.7615514542198,1.40620457247086,..
"New business density (new registrations per 1,000 people ages 15-64)",IC.BUS.NDNS.ZS,Burkina Faso,BFA,..,..,..,..,..,..,0.292271390090449,0.328520071893579,..,..,..
"New business density (new registrations per 1,000 people ages 15-64)",IC.BUS.NDNS.ZS,Burundi,BDI,..,..,..,..,..,..,..,..,..,..,..
"New business density (new registrations per 1,000 people ages 15-64)",IC.BUS.NDNS.ZS,Cabo Verde,CPV,..,2.93368450989848,3.05730866116492,3.02838144568174,3.72425943638959,9.15542228885557,12.206759889749,16.2002335616495,16.3721420785526,13.0448760884126,..
"New business density (new registrations per 1,000 people ages 15-64)",IC.BUS.NDNS.ZS,Cambodia,KHM,..,0.359847751977409,0.310701383921817,0.392775221168156,0.442719716322606,0.417697975584085,0.527546021397857,0.671346836535525,0.907710892993785,0.542408695079606,..
"New business density (new registrations per 1,000 people ages 15-64)",IC.BUS.NDNS.ZS,Cameroon,CMR,..,..,..,..,..,..,..,..,..,..,..
"New business density (new registrations per 1,000 people ages 15-64)",IC.BUS.NDNS.ZS,Canada,CAN,..,..,..,..,..,..,0.204167601264153,0.215755281390988,..,..,..
"New business density (new registrations per 1,000 people ages 15-64)",IC.BUS.NDNS.ZS,Cayman Islands,CYM,..,..,..,..,..,..,..,..,..,..,..
"New business density (new registrations per 1,000 people ages 15-64)",IC.BUS.NDNS.ZS,Central African Republic,CAF,..,0.0728380461129481,0.0375291983633819,0.0374695721233274,0.0591046923986226,0.105519425704194,0.109779442742978,0.137787098669747,0.126210223502876,0.129260882415813,..
"New business density (new registrations per 1,000 people ages 15-64)",IC.BUS.NDNS.ZS,Chad,TCD,..,0.128576934447965,0.139009343150099,0.137223452923992,0.109467499056769,0.0965963013523895,0.103608924660239,0.11256815790415,..,..,..
"New business density (new registrations per 1,000 people ages 15-64)",IC.BUS.NDNS.ZS,Channel Islands,CHI,..,..,..,..,..,..,..,..,..,..,..
"New business density (new registrations per 1,000 people ages 15-64)",IC.BUS.NDNS.ZS,Chile,CHL,..,..,7.05705492338182,8.04582292862952,8.31998934151433,8.76802890034251,9.34489767437797,10.3139171292221,10.6558826604991,12.1072721582824,..
"New business density (new registrations per 1,000 people ages 15-64)",IC.BUS.NDNS.ZS,China,CHN,..,3.81285584862301,4.30268432703376,6.8906064426538,7.70635403904422,9.08159034538926,8.57801803149901,8.66926108411754,8.15325597869537,8.58374051702774,..
"New business density (new registrations per 1,000 people ages 15-64)",IC.BUS.NDNS.ZS,Colombia,COL,..,..,1.96853893664425,2.20196698036365,1.89499722657206,2.08925392882584,2.00071705843181,2.0000858486755,2.16290891184714,1.96510112571777,..
"New business density (new registrations per 1,000 people ages 15-64)",IC.BUS.NDNS.ZS,Comoros,COM,..,..,..,..,..,..,..,0.163109281127211,..,..,..
"New business density (new registrations per 1,000 people ages 15-64)",IC.BUS.NDNS.ZS,"Congo, Dem. Rep.",COD,..,..,..,..,0.0440572311980521,0.0392292468197677,0.0354766805768857,0.0492035704563879,0.0334483882555115,0.0391553559313471,..
"New business density (new registrations per 1,000 people ages 15-64)",IC.BUS.NDNS.ZS,"Congo, Rep.",COG,..,..,..,..,..,..,..,..,..,..,..
"New business density (new registrations per 1,000 people ages 15-64)",IC.BUS.NDNS.ZS,Costa Rica,CRI,..,..,3.14032064101302,3.30903588606415,3.92294634325572,6.10493478048581,5.13231789003995,6.0065656119923,4.71378809561182,3.61341526703555,..
"New business density (new registrations per 1,000 people ages 15-64)",IC.BUS.NDNS.ZS,Cote d'Ivoire,CIV,..,..,0.112210941854497,0.297473150693695,0.453727015196467,0.603699966095977,0.598489645191557,0.739419376949755,0.786660980625894,0.780642626155148,..
"New business density (new registrations per 1,000 people ages 15-64)",IC.BUS.NDNS.ZS,Croatia,HRV,..,2.79818992419296,5.01307158592721,4.60633659088454,4.51184872264885,4.90428792841236,5.51864456939923,5.86157873358307,5.5739559545871,4.44054825897336,..
"New business density (new registrations per 1,000 people ages 15-64)",IC.BUS.NDNS.ZS,Cuba,CUB,..,..,..,..,..,..,..,..,..,..,..
"New business density (new registrations per 1,000 people ages 15-64)",IC.BUS.NDNS.ZS,Curacao,CUW,..,..,..,..,..,..,..,..,..,..,..
"New business density (new registrations per 1,000 people ages 15-64)",IC.BUS.NDNS.ZS,Cyprus,CYP,..,22.4407406853284,13.4382925055533,13.7629771109947,13.813949269589,16.6570634738492,16.6223670921613,17.5762745703033,15.3997599849629,13.2649583317332,..
"New business density (new registrations per 1,000 people ages 15-64)",IC.BUS.NDNS.ZS,Czechia,CZE,..,2.97198008741653,3.0930955377849,3.42374323639987,3.69531013997469,3.98155185271186,4.48729474887979,4.3910119736713,4.17943947726051,3.79461044001967,..
"New business density (new registrations per 1,000 people ages 15-64)",IC.BUS.NDNS.ZS,Denmark,DNK,..,4.74158786739526,4.67812300225812,7.13576976225474,8.31090388284046,9.18059035739224,9.87293496566438,10.0162124947254,..,..,..
"New business density (new registrations per 1,000 people ages 15-64)",IC.BUS.NDNS.ZS,Djibouti,DJI,..,..,..,..,..,..,..,..,..,1.74125712055232,..
"New business density (new registrations per 1,000 people ages 15-64)",IC.BUS.NDNS.ZS,Dominica,DMA,..,19.4870014322295,16.3838375070526,18.8777053004449,15.1349601392093,12.3099935316947,6.82903245301263,7.73674222676371,6.65234708985882,5.58880570558672,..
"New business density (new registrations per 1,000 people ages 15-64)",IC.BUS.NDNS.ZS,Dominican Republic,DOM,..,1.13420082911825,1.25823613893737,1.22913546738338,1.25851323965855,1.39012469550657,1.40722766911366,1.47856736617509,..,..,..
"New business density (new registrations per 1,000 people ages 15-64)",IC.BUS.NDNS.ZS,Ecuador,ECU,..,..,..,..,..,..,..,..,..,..,..
"New business density (new registrations per 1,000 people ages 15-64)",IC.BUS.NDNS.ZS,"Egypt, Arab Rep.",EGY,..,0.0516655277988923,0.0522485482575938,0.059672718585249,0.0721762238098805,0.0809906936641873,0.0968653641089533,0.181252079433103,0.227729569565592,0.237559880395807,..
"New business density (new registrations per 1,000 people ages 15-64)",IC.BUS.NDNS.ZS,El Salvador,SLV,..,0.476810834293078,0.503928948298511,0.520890668001001,0.534161985736043,0.5433565717483,0.521966177854692,0.569386675772995,0.62703090205715,0.421630125389133,..
"New business density (new registrations per 1,000 people ages 15-64)",IC.BUS.NDNS.ZS,Equatorial Guinea,GNQ,..,..,..,..,..,..,..,..,..,..,..
"New business density (new registrations per 1,000 people ages 15-64)",IC.BUS.NDNS.ZS,Eritrea,ERI,..,..,..,..,..,..,..,..,..,..,..
"New business density (new registrations per 1,000 people ages 15-64)",IC.BUS.NDNS.ZS,Estonia,EST,..,15.3784049623898,16.3648104867158,16.0927943924149,17.5366013003147,19.4329363176157,21.7379785246058,23.5736466718028,24.7860470411871,24.1931836844473,..
"New business density (new registrations per 1,000 people ages 15-64)",IC.BUS.NDNS.ZS,Eswatini,SWZ,..,2.60588993522221,3.16125143970148,3.86056947417822,3.78528827037773,3.86822981541408,3.41287980432617,3.99333936541488,4.29994473425263,4.35944435856099,..
"New business density (new registrations per 1,000 people ages 15-64)",IC.BUS.NDNS.ZS,Ethiopia,ETH,..,..,..,..,..,0.188319505976982,0.593761106871931,0.512658320722417,..,..,..
"New business density (new registrations per 1,000 people ages 15-64)",IC.BUS.NDNS.ZS,Faroe Islands,FRO,..,..,..,..,..,..,..,..,..,..,..
"New business density (new registrations per 1,000 people ages 15-64)",IC.BUS.NDNS.ZS,Fiji,FJI,..,..,..,..,..,..,..,..,1.93542483524718,2.25940735060525,..
"New business density (new registrations per 1,000 people ages 15-64)",IC.BUS.NDNS.ZS,Finland,FIN,..,3.54298597282389,3.54371046224899,3.42763703887682,3.63635420999089,3.9314860982721,4.02442788200824,4.28944347534796,5.30056859580031,5.87814217822457,..
"New business density (new registrations per 1,000 people ages 15-64)",IC.BUS.NDNS.ZS,France,FRA,..,3.79633296334867,3.78718244400715,3.95813550756516,4.11740454028696,4.53048019016391,4.75293967441935,4.83275612090948,5.25514884940976,5.25324716029918,..
"New business density (new registrations per 1,000 people ages 15-64)",IC.BUS.NDNS.ZS,French Polynesia,PYF,..,..,..,..,..,..,..,..,..,..,..
"New business density (new registrations per 1,000 people ages 15-64)",IC.BUS.NDNS.ZS,Gabon,GAB,..,1.21317324846907,1.31250444505816,1.4372060713972,1.32033182743673,0.97849476692671,0.968721352829121,0.967383759072201,1.14535440371297,0.967526766343424,..
"New business density (new registrations per 1,000 people ages 15-64)",IC.BUS.NDNS.ZS,"Gambia, The",GMB,..,..,..,..,..,..,..,..,..,..,..
"New business density (new registrations per 1,000 people ages 15-64)",IC.BUS.NDNS.ZS,Georgia,GEO,..,5.95571006282393,7.09460377111285,7.06103900895222,7.41972232397683,8.62474251100314,10.4177538028022,10.3651073966077,9.35451060685876,7.47129362496902,..
"New business density (new registrations per 1,000 people ages 15-64)",IC.BUS.NDNS.ZS,Germany,DEU,..,1.31115574127341,1.29269339420206,1.26819028599479,1.29550739530008,1.31321109675261,1.33275705077594,1.35347572674395,1.37762171190355,1.35845716868025,..
"New business density (new registrations per 1,000 people ages 15-64)",IC.BUS.NDNS.ZS,Ghana,GHA,..,0.869158364103086,..,..,..,..,..,..,..,..,..
"New business density (new registrations per 1,000 people ages 15-64)",IC.BUS.NDNS.ZS,Gibraltar,GIB,..,..,..,..,..,..,..,..,..,..,..
"New business density (new registrations per 1,000 people ages 15-64)",IC.BUS.NDNS.ZS,Greece,GRC,..,0.481416131363256,0.685792918284285,0.718066566129797,0.678740505891928,0.827089050736232,1.11658743848517,1.43816019866644,1.7414881495947,1.75501034548516,..
"New business density (new registrations per 1,000 people ages 15-64)",IC.BUS.NDNS.ZS,Greenland,GRL,..,..,..,..,..,..,..,..,..,..,..
"New business density (new registrations per 1,000 people ages 15-64)",IC.BUS.NDNS.ZS,Grenada,GRD,..,1.71507452905169,2.2623498089418,2.39263887559645,3.09677419354839,3.07875121529653,3.67325520377821,3.31690547490835,3.44508639525999,2.90312654688482,..
"New business density (new registrations per 1,000 people ages 15-64)",IC.BUS.NDNS.ZS,Guam,GUM,..,..,..,..,..,..,..,..,..,..,..
"New business density (new registrations per 1,000 people ages 15-64)",IC.BUS.NDNS.ZS,Guatemala,GTM,..,0.491275628535008,0.519042099801964,0.524025360690396,0.535044086939028,0.51582443188992,0.585466926122224,0.553508916256326,0.630091451811779,0.599671658346772,..
"New business density (new registrations per 1,000 people ages 15-64)",IC.BUS.NDNS.ZS,Guinea,GIN,..,..,..,0.137086859237932,0.239647424394764,0.300714961186337,0.367881354656443,0.398041092975437,0.455858482597409,0.450113797567242,..
"New business density (new registrations per 1,000 people ages 15-64)",IC.BUS.NDNS.ZS,Guinea-Bissau,GNB,..,..,..,..,..,..,..,..,..,..,..
"New business density (new registrations per 1,000 people ages 15-64)",IC.BUS.NDNS.ZS,Guyana,GUY,..,0.675484458693196,0.711547308694986,0.639939084279572,0.45559000913187,0.876680886164979,0.927651124059987,1.15724822483231,1.72983327143723,1.59532194726672,..
"New business density (new registrations per 1,000 people ages 15-64)",IC.BUS.NDNS.ZS,Haiti,HTI,..,..,..,..,..,..,..,..,..,..,..
"New business density (new registrations per 1,000 people ages 15-64)",IC.BUS.NDNS.ZS,Honduras,HND,..,..,..,..,..,..,..,..,..,..,..
"New business density (new registrations per 1,000 people ages 15-64)",IC.BUS.NDNS.ZS,"Hong Kong SAR, China",HKG,..,28.0029747507956,32.437460904911,31.1483264012418,25.924646468973,27.0333710053694,30.0157676023634,28.5927538919114,23.6775625479161,19.2189903461332,..
"New business density (new registrations per 1,000 people ages 15-64)",IC.BUS.NDNS.ZS,Hungary,HUN,..,4.7332082512018,4.15285118918006,3.6262380894396,3.14084233607162,3.36422428925338,3.47152648884572,3.7345615562829,3.94252881777892,4.01436065098859,..
"New business density (new registrations per 1,000 people ages 15-64)",IC.BUS.NDNS.ZS,Iceland,ISL,..,8.1482277021064,8.98299498159298,9.43613666955544,10.8271324364943,12.0265726533683,11.4378069248462,9.97905309584835,9.35963736193577,10.4366678290975,..
"New business density (new registrations per 1,000 people ages 15-64)",IC.BUS.NDNS.ZS,India,IND,..,0.125659600596035,0.109960540555678,0.0821792225544792,0.0932278773789352,0.106758374594645,0.120678373856555,0.130475050475012,0.140423486368261,0.152973253656474,..
"New business density (new registrations per 1,000 people ages 15-64)",IC.BUS.NDNS.ZS,Indonesia,IDN,..,0.288323170234655,0.304233839347487,0.339110753908258,0.328900958021494,0.33219559780962,..,..,..,..,..
"New business density (new registrations per 1,000 people ages 15-64)",IC.BUS.NDNS.ZS,"Iran, Islamic Rep.",IRN,..,..,..,..,..,..,..,..,..,0.626703369897269,..
"New business density (new registrations per 1,000 people ages 15-64)",IC.BUS.NDNS.ZS,Iraq,IRQ,..,0.137158721808354,0.162342666543363,0.099702207125785,0.0879198986748797,0.0955451144401068,..,..,..,..,..
"New business density (new registrations per 1,000 people ages 15-64)",IC.BUS.NDNS.ZS,Ireland,IRL,..,4.46803955154158,4.84193251564693,5.73575259715438,6.25211379517662,6.7030970569689,7.06776081040751,7.05188309433469,7.07484008622393,6.78005294969345,..
"New business density (new registrations per 1,000 people ages 15-64)",IC.BUS.NDNS.ZS,Isle of Man,IMN,..,39.9675350384037,43.5901496555547,41.412621743606,34.9531876950513,32.6705305394561,..,..,..,..,..
"New business density (new registrations per 1,000 people ages 15-64)",IC.BUS.NDNS.ZS,Israel,ISR,..,2.91487027845134,2.86534454451595,3.0647154373231,3.24946092095682,3.40299457343625,3.27447160076443,3.26991565206119,3.19015934572142,3.06803491800659,..
"New business density (new registrations per 1,000 people ages 15-64)",IC.BUS.NDNS.ZS,Italy,ITA,..,1.95402889108925,2.1398681064977,2.33487841234693,2.55896761475133,2.62565332841117,2.85757232672014,2.961075068069,..,..,..
"New business density (new registrations per 1,000 people ages 15-64)",IC.BUS.NDNS.ZS,Jamaica,JAM,..,1.04165439983899,1.02984161691478,0.927607910849302,1.15160964208055,1.30464549181904,1.39047880702718,1.59573339583584,1.91769334481573,1.98132535871536,..
"New business density (new registrations per 1,000 people ages 15-64)",IC.BUS.NDNS.ZS,Japan,JPN,..,0.137453528284163,0.185780790599242,0.254867387095387,0.288697150009642,0.311674104787922,0.360019955886987,0.386956720168443,0.409594018533273,0.448847830953033,..
"New business density (new registrations per 1,000 people ages 15-64)",IC.BUS.NDNS.ZS,Jordan,JOR,..,0.864060227564377,0.876449955437591,0.81641450466449,0.654282335182717,0.63033400122208,0.695941900269775,0.567160177607531,0.487176402808466,0.430856991306088,..
"New business density (new registrations per 1,000 people ages 15-64)",IC.BUS.NDNS.ZS,Kazakhstan,KAZ,..,1.34239054798101,1.6969067141961,1.29732945695331,0.915063563594348,1.84409025592723,2.39039226880014,2.00138076849132,2.80051945695489,3.4905387182487,..
"New business density (new registrations per 1,000 people ages 15-64)",IC.BUS.NDNS.ZS,Kenya,KEN,..,..,..,..,..,..,1.3090888400983,1.49203283178223,1.37110804132631,1.5482787195962,..
"New business density (new registrations per 1,000 people ages 15-64)",IC.BUS.NDNS.ZS,Kiribati,KIR,..,0.0775963746973741,0.030351777096549,0.0297738674765159,0.0440160218319468,0.0578988507078135,0.0574159932249128,0.0285335197523291,..,..,..
"New business density (new registrations per 1,000 people ages 15-64)",IC.BUS.NDNS.ZS,"Korea, Dem. People's Rep.",PRK,..,..,..,..,..,..,..,..,..,..,..
"New business density (new registrations per 1,000 people ages 15-64)",IC.BUS.NDNS.ZS,"Korea, Rep.",KOR,..,2.01400302668031,2.04160090751746,2.27344139335596,2.50555699343208,2.56457957017854,..,..,..,..,..
"New business density (new registrations per 1,000 people ages 15-64)",IC.BUS.NDNS.ZS,Kosovo,XKX,..,1.20678698316425,1.62167145759453,1.74267942930336,2.09006285829061,3.24679299613372,3.93028803541311,4.00872266975252,4.17307581685382,4.71972925381146,..
"New business density (new registrations per 1,000 people ages 15-64)",IC.BUS.NDNS.ZS,Kuwait,KWT,..,0.427404884604639,0.512853076744933,0.675375928508814,1.172728768815,1.77494139718627,3.13180501852421,5.78126522370124,6.8877342665251,3.28840452058703,..
"New business density (new registrations per 1,000 people ages 15-64)",IC.BUS.NDNS.ZS,Kyrgyz Republic,KGZ,..,0.922888172938155,1.08608787379524,1.08828889663963,1.17705940264824,1.2741283539764,..,..,..,..,..
"New business density (new registrations per 1,000 people ages 15-64)",IC.BUS.NDNS.ZS,Lao PDR,LAO,..,0.0538325062510459,0.0532900007138381,0.0491811579473481,0.0528850201401809,0.0610943933930711,0.0717681110815432,0.095495689722651,0.197805826248767,0.150603123495854,..
"New business density (new registrations per 1,000 people ages 15-64)",IC.BUS.NDNS.ZS,Latvia,LVA,..,11.5757819825805,11.484063916386,10.6482295178509,9.70653038907325,8.09020512068667,7.44516168117171,8.00238838517903,7.91329763895899,6.88632545038358,..
"New business density (new registrations per 1,000 people ages 15-64)",IC.BUS.NDNS.ZS,Lebanon,LBN,..,..,..,..,..,..,..,..,..,..,..
"New business density (new registrations per 1,000 people ages 15-64)",IC.BUS.NDNS.ZS,Lesotho,LSO,..,1.46430800230047,1.63990257429194,1.54046857978041,2.02140075527454,1.79039257138811,1.87951558813143,2.83220856003674,2.15847181398061,1.47218820228059,..
"New business density (new registrations per 1,000 people ages 15-64)",IC.BUS.NDNS.ZS,Liberia,LBR,..,0.0134621934490274,0.0147872634690224,0.0164416826165041,0.00857930752732101,0.0122881824549331,0.0123064474631989,0.0216386340649555,0.0195438112531094,0.0210678373829813,..
"New business density (new registrations per 1,000 people ages 15-64)",IC.BUS.NDNS.ZS,Libya,LBY,..,..,..,..,..,..,..,..,..,..,..
"New business density (new registrations per 1,000 people ages 15-64)",IC.BUS.NDNS.ZS,Liechtenstein,LIE,..,0.976999796458376,1.21413250232709,1.16681419489821,1.16204519955121,1.32450331125828,4.91333952336738,6.30609718353451,0,0,..
"New business density (new registrations per 1,000 people ages 15-64)",IC.BUS.NDNS.ZS,Lithuania,LTU,..,5.43592115735199,4.04557231517002,4.31331961845863,3.19067316289924,3.33576829014042,3.52529714214054,3.31339584330344,3.26829198142898,2.97044449720257,..
"New business density (new registrations per 1,000 people ages 15-64)",IC.BUS.NDNS.ZS,Luxembourg,LUX,..,14.01363370488,15.7991798370851,17.55262939787,16.7472258152359,15.2968430391601,15.9361784390902,17.1900429927467,..,..,..
"New business density (new registrations per 1,000 people ages 15-64)",IC.BUS.NDNS.ZS,"Macao SAR, China",MAC,..,..,..,..,..,..,..,..,..,..,..
"New business density (new registrations per 1,000 people ages 15-64)",IC.BUS.NDNS.ZS,Madagascar,MDG,..,..,..,0.119654574074673,0.114675285372755,0.113111346320032,0.132734559185322,0.127115766240796,..,..,..
"New business density (new registrations per 1,000 people ages 15-64)",IC.BUS.NDNS.ZS,Malawi,MWI,..,..,..,..,..,..,..,..,..,..,..
"New business density (new registrations per 1,000 people ages 15-64)",IC.BUS.NDNS.ZS,Malaysia,MYS,..,2.29921022551244,2.30005678515014,2.39959408366406,2.37261874331428,2.19628602866763,2.41903152910473,2.36612556522687,2.29753347160095,2.13052823729365,..
"New business density (new registrations per 1,000 people ages 15-64)",IC.BUS.NDNS.ZS,Maldives,MDV,..,2.65269511041887,2.3637561757638,3.29299951054194,3.47751510398769,3.47829482662918,3.34748486989973,2.77564158063875,3.15338508498126,2.77715554720562,..
"New business density (new registrations per 1,000 people ages 15-64)",IC.BUS.NDNS.ZS,Mali,MLI,..,0.189887029235771,0.217895035583784,0.204051563794351,0.180410729690766,0.267187191885047,0.144373686864328,0.330667772600476,0.40867977887313,0.267942153429875,..
"New business density (new registrations per 1,000 people ages 15-64)",IC.BUS.NDNS.ZS,Malta,MLT,..,13.6655753186377,15.4412855206476,17.0894143791028,18.020737937813,16.9469107021808,17.1114808436388,17.4451819797299,12.7621174347287,10.0541788791189,..
"New business density (new registrations per 1,000 people ages 15-64)",IC.BUS.NDNS.ZS,Marshall Islands,MHL,..,..,..,..,..,..,..,..,..,..,..
"New business density (new registrations per 1,000 people ages 15-64)",IC.BUS.NDNS.ZS,Mauritania,MRT,..,..,..,..,..,0.422791795457242,0.462827371990281,0.383598312167426,..,..,..
"New business density (new registrations per 1,000 people ages 15-64)",IC.BUS.NDNS.ZS,Mauritius,MUS,..,7.66946053889858,7.13410614804309,7.95487562864384,8.79507968824273,9.9147539514512,9.79566359832074,7.0539567381146,7.0539567381146,7.05396416693488,..
"New business density (new registrations per 1,000 people ages 15-64)",IC.BUS.NDNS.ZS,Mexico,MEX,..,0.407311688509108,0.549401810090633,0.553972888769783,0.577269376327162,0.557475583620186,1.00691937201289,1.0040704325796,0.995420945597483,0.793865735106163,..
"New business density (new registrations per 1,000 people ages 15-64)",IC.BUS.NDNS.ZS,"Micronesia, Fed. Sts.",FSM,..,..,..,..,..,..,..,0.345194206260442,..,..,..
"New business density (new registrations per 1,000 people ages 15-64)",IC.BUS.NDNS.ZS,Moldova,MDA,..,..,..,1.6900353846422,1.72174701549307,1.69534782670066,1.97641833008801,1.86315927547514,..,..,..
"New business density (new registrations per 1,000 people ages 15-64)",IC.BUS.NDNS.ZS,Monaco,MCO,..,..,..,..,..,..,..,..,..,..,..
"New business density (new registrations per 1,000 people ages 15-64)",IC.BUS.NDNS.ZS,Mongolia,MNG,..,5.80593975234868,6.510345164223,6.48764838049631,5.47056528513617,4.91375763770451,5.99069648045366,5.54916456759228,5.94012563210711,5.91800922174306,..
"New business density (new registrations per 1,000 people ages 15-64)",IC.BUS.NDNS.ZS,Montenegro,MNE,..,5.91287587470685,6.87480738686201,7.29939116441879,7.15136785041228,6.70618668329331,7.60794458776752,11.290601908867,9.99264641851554,7.94676880006221,..
"New business density (new registrations per 1,000 people ages 15-64)",IC.BUS.NDNS.ZS,Morocco,MAR,..,1.50734932865293,1.49925793985434,1.54369090162809,1.56926812557227,1.68817003708827,1.71240491011861,1.91555410184019,2.08189229656051,2.23963583232381,..
"New business density (new registrations per 1,000 people ages 15-64)",IC.BUS.NDNS.ZS,Mozambique,MOZ,..,..,..,0.191741249949017,0.226685976953592,0.249801429678612,0.237913154870351,0.213354077383912,0.293336101683689,0.236603380938737,..
"New business density (new registrations per 1,000 people ages 15-64)",IC.BUS.NDNS.ZS,Myanmar,MMR,..,0.0908600058961591,0.118629662089694,0.129764247266189,0.134972411100981,0.186594045373186,0.209464729484672,0.38561351739081,..,..,..
"New business density (new registrations per 1,000 people ages 15-64)",IC.BUS.NDNS.ZS,Namibia,NAM,..,0.81313090245914,0.791265160231195,0.825481852761356,0.892302183301868,1.00554154014138,0.798137678749584,1.95794875670254,0.778358008293051,0.562859962819532,..
"New business density (new registrations per 1,000 people ages 15-64)",IC.BUS.NDNS.ZS,Nauru,NRU,..,..,..,..,..,..,..,..,..,..,..
"New business density (new registrations per 1,000 people ages 15-64)",IC.BUS.NDNS.ZS,Nepal,NPL,..,0.651082408937663,0.57905412909399,0.734211643697534,0.753945979764492,1.01758985184856,1.1068309587995,1.34259475498482,0.977848130696094,1.35782404954811,..
"New business density (new registrations per 1,000 people ages 15-64)",IC.BUS.NDNS.ZS,Netherlands,NLD,..,..,..,..,..,2.84414527968828,2.87845945490811,2.96767766305879,2.97460521508601,3.10279266507201,..
"New business density (new registrations per 1,000 people ages 15-64)",IC.BUS.NDNS.ZS,New Caledonia,NCL,..,..,..,..,..,..,..,..,..,..,..
"New business density (new registrations per 1,000 people ages 15-64)",IC.BUS.NDNS.ZS,New Zealand,NZL,..,15.0749934523797,15.5385144346809,16.506676387595,17.366256564151,18.9155373909705,18.5236950545057,17.7832394072548,16.5484803029826,17.8835551557945,..
"New business density (new registrations per 1,000 people ages 15-64)",IC.BUS.NDNS.ZS,Nicaragua,NIC,..,..,..,..,..,..,..,..,..,..,..
"New business density (new registrations per 1,000 people ages 15-64)",IC.BUS.NDNS.ZS,Niger,NER,..,..,..,..,..,0.0775616490420882,0.0742555150862455,0.0874791168273739,..,..,..
"New business density (new registrations per 1,000 people ages 15-64)",IC.BUS.NDNS.ZS,Nigeria,NGA,..,0.914617012241625,0.816782627233018,0.768729624847526,0.731888915718432,0.762692529653314,0.772905100214173,0.825373517162622,0.842952265398915,0.883967956314944,..
"New business density (new registrations per 1,000 people ages 15-64)",IC.BUS.NDNS.ZS,North Macedonia,MKD,..,3.67154072660295,3.70853738903462,3.75741160321897,3.94458786749888,3.88436915372389,3.72657442287094,3.63231009282952,3.92698351329706,3.45710005825404,..
"New business density (new registrations per 1,000 people ages 15-64)",IC.BUS.NDNS.ZS,Northern Mariana Islands,MNP,..,..,..,..,..,..,..,..,..,..,..
"New business density (new registrations per 1,000 people ages 15-64)",IC.BUS.NDNS.ZS,Norway,NOR,..,7.72075778812678,7.84538256197763,7.65145657011377,7.83003436524856,8.12975458729221,8.64836149861725,8.62356562951108,8.66403812944038,9.44276081607709,..
"New business density (new registrations per 1,000 people ages 15-64)",IC.BUS.NDNS.ZS,Oman,OMN,..,1.96289129144829,1.58698003472161,1.16279299063915,2.07389693757434,2.25776182939379,1.64591487442778,1.49057830866483,1.73976460340162,1.51537542094487,..
"New business density (new registrations per 1,000 people ages 15-64)",IC.BUS.NDNS.ZS,Pakistan,PAK,..,0.0356893819345909,0.0348221406759291,0.0403113313024749,0.0451897094211892,0.0549811915778278,0.0768842261520753,0.101315805389644,0.121548777909985,0.147284324429107,..
"New business density (new registrations per 1,000 people ages 15-64)",IC.BUS.NDNS.ZS,Palau,PLW,..,..,..,..,..,..,..,..,..,..,..
"New business density (new registrations per 1,000 people ages 15-64)",IC.BUS.NDNS.ZS,Panama,PAN,..,..,12.2254802274523,11.7159486370396,10.2925981213775,8.79159855185484,6.79463965056569,5.69278951486842,5.8692297728898,4.22132093490504,..
"New business density (new registrations per 1,000 people ages 15-64)",IC.BUS.NDNS.ZS,Papua New Guinea,PNG,..,..,..,..,..,..,..,..,..,..,..
"New business density (new registrations per 1,000 people ages 15-64)",IC.BUS.NDNS.ZS,Paraguay,PRY,..,..,..,..,..,..,..,..,0.225089422190147,0.0492815255118028,..
"New business density (new registrations per 1,000 people ages 15-64)",IC.BUS.NDNS.ZS,Peru,PER,..,3.97241734245121,3.89759395458366,3.83460777791975,4.04082497843701,3.75276570692164,3.84144062840525,3.77266557748311,4.11573684539911,3.79670460015691,..
"New business density (new registrations per 1,000 people ages 15-64)",IC.BUS.NDNS.ZS,Philippines,PHL,..,0.305202664459647,0.32671585292467,0.333435662278393,0.332864388599662,0.341463299437123,0.364493427247118,0.294752826092356,0.314531390578498,0.214683410717161,..
"New business density (new registrations per 1,000 people ages 15-64)",IC.BUS.NDNS.ZS,Poland,POL,..,0.918771648369057,1.11560935332316,1.13354157218137,1.52526730191916,1.66418719102386,1.50234709149303,1.44022936821345,1.58944132014301,1.64153153379962,..
"New business density (new registrations per 1,000 people ages 15-64)",IC.BUS.NDNS.ZS,Portugal,PRT,..,4.01060011289054,4.67088333725959,4.68252454210172,5.05599679450989,5.01686675642591,5.63110963630025,6.49098129382718,7.07788130387014,5.45492841956317,..
"New business density (new registrations per 1,000 people ages 15-64)",IC.BUS.NDNS.ZS,Puerto Rico,PRI,..,..,..,..,2.11894453571287,2.50815918065598,2.68732905562627,4.11631940735101,5.06133544548259,5.53792625445038,..
"New business density (new registrations per 1,000 people ages 15-64)",IC.BUS.NDNS.ZS,Qatar,QAT,..,3.05894012801643,2.97976537209982,3.41182360928835,2.55942498343138,5.089043930339,6.0619261789805,6.26301802772391,..,..,..
"New business density (new registrations per 1,000 people ages 15-64)",IC.BUS.NDNS.ZS,Romania,ROU,..,4.49935253540584,4.43412831451864,4.17537817680065,4.81542826826907,5.58457050489085,7.53509364290172,7.31850012525721,7.46132254063581,6.23169089656119,..
"New business density (new registrations per 1,000 people ages 15-64)",IC.BUS.NDNS.ZS,Russian Federation,RUS,..,3.89659977235433,3.92624045212483,4.23452252679131,4.54921470518596,4.36327060361788,3.96620334897598,3.25968851865266,2.92381514003089,2.25506636476827,..
"New business density (new registrations per 1,000 people ages 15-64)",IC.BUS.NDNS.ZS,Rwanda,RWA,..,1.43619269720228,1.5239804249463,1.59425036587392,1.53322668307567,1.52075692404437,1.46468141459092,1.50183760446436,1.73770269390987,2.16598826829204,..
"New business density (new registrations per 1,000 people ages 15-64)",IC.BUS.NDNS.ZS,Samoa,WSM,..,0.815562413694034,0.872945133101161,1.06949916359681,1.17637403222718,0.99628656824563,1.2443081916956,1.12948769665188,1.10871628393781,0.716044639270682,..
"New business density (new registrations per 1,000 people ages 15-64)",IC.BUS.NDNS.ZS,San Marino,SMR,..,..,..,..,..,..,..,..,..,..,..
"New business density (new registrations per 1,000 people ages 15-64)",IC.BUS.NDNS.ZS,Sao Tome and Principe,STP,..,..,2.83643852116644,3.00963846241762,2.93681649092384,3.28197647916857,2.65318114638793,2.31049189156323,2.23639736715037,2.213942883578,..
"New business density (new registrations per 1,000 people ages 15-64)",IC.BUS.NDNS.ZS,Saudi Arabia,SAU,..,0.419256109539169,0.425179650527243,0.457744503459417,0.489428742369735,0.457706858407749,0.460461797191305,0.501787317056362,0.706613946411834,0.636845725523093,..
"New business density (new registrations per 1,000 people ages 15-64)",IC.BUS.NDNS.ZS,Senegal,SEN,..,0.272138616357728,0.28771109237756,0.311611044953757,0.417995729720728,0.425896817903208,0.448751763449477,0.468919337676029,0.486374532453326,0.471183302513209,..
"New business density (new registrations per 1,000 people ages 15-64)",IC.BUS.NDNS.ZS,Serbia,SRB,..,1.74387884173638,1.76930005968648,1.68589278464592,1.67090627435948,1.7630985265321,1.86337672831361,1.88252734126176,1.97927046115205,1.99336604249071,..
"New business density (new registrations per 1,000 people ages 15-64)",IC.BUS.NDNS.ZS,Seychelles,SYC,..,2.67948488932915,1.97578075207138,1.74303570867749,2.18538867599304,1.69016658038189,1.54032014497131,2.50965541078701,2.34924435133922,1.6240054828809,..
"New business density (new registrations per 1,000 people ages 15-64)",IC.BUS.NDNS.ZS,Sierra Leone,SLE,..,0.293628723646204,0.279658581254052,0.177413354907352,0.249519308391188,0.266618895394467,0.295812702816434,0.462392216491102,..,..,..
"New business density (new registrations per 1,000 people ages 15-64)",IC.BUS.NDNS.ZS,Singapore,SGP,..,7.566593146895,8.21646701371861,8.93659927706537,7.86058012262376,8.0129176836307,8.57863952913026,10.0117187109371,10.1928945076645,9.98688743467078,..
"New business density (new registrations per 1,000 people ages 15-64)",IC.BUS.NDNS.ZS,Sint Maarten (Dutch part),SXM,..,..,..,..,..,..,..,..,..,..,..
"New business density (new registrations per 1,000 people ages 15-64)",IC.BUS.NDNS.ZS,Slovak Republic,SVK,..,5.13826173764422,6.90859981078768,3.34149601712556,3.24564992933637,4.74091423147844,5.2350445981516,5.25363023371902,5.52081149432631,5.12923819902061,..
"New business density (new registrations per 1,000 people ages 15-64)",IC.BUS.NDNS.ZS,Slovenia,SVN,..,4.37894730872323,4.34439290897191,4.46337288860228,3.943554900936,3.07571973583203,3.30463263793472,3.03747348295976,2.89413432749672,2.42440353361456,..
"New business density (new registrations per 1,000 people ages 15-64)",IC.BUS.NDNS.ZS,Solomon Islands,SLB,..,..,..,..,..,..,..,..,..,..,..
"New business density (new registrations per 1,000 people ages 15-64)",IC.BUS.NDNS.ZS,Somalia,SOM,..,..,..,..,..,..,..,..,..,..,..
"New business density (new registrations per 1,000 people ages 15-64)",IC.BUS.NDNS.ZS,South Africa,ZAF,..,6.37126394126774,6.79524259279249,6.57503592796858,8.67781958144627,10.2070727641685,..,..,10.6583834753832,12.4975795404587,..
"New business density (new registrations per 1,000 people ages 15-64)",IC.BUS.NDNS.ZS,South Sudan,SSD,..,0.820828362195425,0.654005490616815,0.345321987659978,0.130919763951148,0.300046732491083,..,..,..,..,..
"New business density (new registrations per 1,000 people ages 15-64)",IC.BUS.NDNS.ZS,Spain,ESP,..,2.67791879711539,2.88979662576202,2.94944886797695,2.97299615441732,3.20543665722233,3.00478833085862,3.03124348275361,2.96785226682337,2.49540757921522,..
"New business density (new registrations per 1,000 people ages 15-64)",IC.BUS.NDNS.ZS,Sri Lanka,LKA,..,0.512155788171779,0.423678132279223,0.486107585645507,0.549266320572628,0.57914930296579,0.674822805591841,0.742390864481316,..,..,..
"New business density (new registrations per 1,000 people ages 15-64)",IC.BUS.NDNS.ZS,St. Kitts and Nevis,KNA,..,..,..,..,..,..,..,..,..,..,..
"New business density (new registrations per 1,000 people ages 15-64)",IC.BUS.NDNS.ZS,St. Lucia,LCA,..,3.08493752798014,1.90509875163782,2.4397415622293,2.88551502905171,2.58806838113205,2.48919673157647,2.68505803561154,2.34822320318992,1.85190807249765,..
"New business density (new registrations per 1,000 people ages 15-64)",IC.BUS.NDNS.ZS,St. Martin (French part),MAF,..,..,..,..,..,..,..,..,..,..,..
"New business density (new registrations per 1,000 people ages 15-64)",IC.BUS.NDNS.ZS,St. Vincent and the Grenadines,VCT,..,1.76442801967268,1.83691508756422,1.71653781189492,1.62650520071621,1.60149835099958,2.35696584419782,5.53490735046392,3.77278282586747,4.26949360897783,..
"New business density (new registrations per 1,000 people ages 15-64)",IC.BUS.NDNS.ZS,Sudan,SDN,..,..,..,..,..,..,..,..,..,..,..
"New business density (new registrations per 1,000 people ages 15-64)",IC.BUS.NDNS.ZS,Suriname,SUR,..,1.65951717443717,1.66163311589891,1.37039774756443,1.12521268431503,1.41112223340447,2.29228194001685,2.34389402438703,2.46274640480678,2.29690304339653,..
"New business density (new registrations per 1,000 people ages 15-64)",IC.BUS.NDNS.ZS,Sweden,SWE,..,6.38848919926824,6.36587525213742,6.82983391203788,7.36987324943676,7.98716812980083,7.72066594660346,7.18918824303588,7.25661653623575,8.9790512672352,..
"New business density (new registrations per 1,000 people ages 15-64)",IC.BUS.NDNS.ZS,Switzerland,CHE,..,4.3541289344483,4.49746278455122,4.54416343554335,4.35530555403856,4.30598448882157,4.57505313465646,4.53021044441723,4.63964763542974,..,..
"New business density (new registrations per 1,000 people ages 15-64)",IC.BUS.NDNS.ZS,Syrian Arab Republic,SYR,..,..,..,..,..,..,..,..,..,..,..
"New business density (new registrations per 1,000 people ages 15-64)",IC.BUS.NDNS.ZS,Tajikistan,TJK,..,0.263340570368348,1.12219252379381,0.298891102165875,0.235354087132411,0.186465380068177,0.147443701792603,0.151693601560235,..,..,..
"New business density (new registrations per 1,000 people ages 15-64)",IC.BUS.NDNS.ZS,Tanzania,TZA,..,0.328271531215003,0.339498405411813,0.333144369145846,0.327168844222511,0.296528124353482,0.224085906763932,0.175776868123971,..,..,..
"New business density (new registrations per 1,000 people ages 15-64)",IC.BUS.NDNS.ZS,Thailand,THA,..,0.840368249777991,0.910804043894604,0.889952709739501,0.913006955573019,0.993845804885351,1.12663871655752,1.4625795921255,1.45076004524236,1.28735017684907,..
"New business density (new registrations per 1,000 people ages 15-64)",IC.BUS.NDNS.ZS,Timor-Leste,TLS,..,2.72780663960432,5.62646629240923,4.42867216482203,..,..,..,..,..,..,..
"New business density (new registrations per 1,000 people ages 15-64)",IC.BUS.NDNS.ZS,Togo,TGO,..,0.195592751543641,0.193776488154788,0.276349630810174,0.422594941260791,0.399949211268834,0.413469415547994,0.587714116952156,0.748121593020531,0.943504814441914,..
"New business density (new registrations per 1,000 people ages 15-64)",IC.BUS.NDNS.ZS,Tonga,TON,..,1.95798004562945,1.92063655382927,1.1198401212873,1.22314676038383,0.836777212336487,0.454407755225689,0.528873169603015,0.681397838995425,0.717772035601493,..
"New business density (new registrations per 1,000 people ages 15-64)",IC.BUS.NDNS.ZS,Trinidad and Tobago,TTO,..,3.63377150895367,4.55845370182412,4.91382956504947,5.41127808835732,4.5426624124771,4.05398481507158,4.30060103904193,4.71252648249752,4.53645454773303,..
"New business density (new registrations per 1,000 people ages 15-64)",IC.BUS.NDNS.ZS,Tunisia,TUN,..,1.67340484442439,1.67876143888546,1.57293722938661,1.52166900508606,1.6155954663147,1.50167767063195,1.68208772521649,2.00023827209961,..,..
"New business density (new registrations per 1,000 people ages 15-64)",IC.BUS.NDNS.ZS,Turkiye,TUR,..,..,..,1.04035992262646,1.25029963628691,1.17839513653009,1.32009904547906,1.51469365635465,1.48097208902116,1.77488826100086,..
"New business density (new registrations per 1,000 people ages 15-64)",IC.BUS.NDNS.ZS,Turkmenistan,TKM,..,..,..,..,..,..,..,..,..,..,..
"New business density (new registrations per 1,000 people ages 15-64)",IC.BUS.NDNS.ZS,Turks and Caicos Islands,TCA,..,..,..,..,..,..,..,..,..,..,..
"New business density (new registrations per 1,000 people ages 15-64)",IC.BUS.NDNS.ZS,Tuvalu,TUV,..,..,..,..,..,..,..,..,..,..,..
"New business density (new registrations per 1,000 people ages 15-64)",IC.BUS.NDNS.ZS,Uganda,UGA,..,0.977614640198148,0.870095169517792,0.910436359645453,0.959541348941775,0.902815804968578,0.833793547683152,0.863379507795866,..,..,..
"New business density (new registrations per 1,000 people ages 15-64)",IC.BUS.NDNS.ZS,Ukraine,UKR,..,0.930493846909557,1.11140068910442,1.06352690110846,1.22130237622962,1.55759827780845,1.67906369530368,..,..,..,..
"New business density (new registrations per 1,000 people ages 15-64)",IC.BUS.NDNS.ZS,United Arab Emirates,ARE,..,1.45401263406654,1.62730222085256,1.99567732799182,2.11394231741229,2.1124825311517,2.03232754855247,2.20529257903715,2.74853178670381,2.29513288457964,..
"New business density (new registrations per 1,000 people ages 15-64)",IC.BUS.NDNS.ZS,United Kingdom,GBR,..,11.8386227782431,12.5265428874149,14.0033950232658,14.5657998008737,15.7416451264036,14.9437734667049,15.6517966587827,16.0622860420635,18.1059441237816,..
"New business density (new registrations per 1,000 people ages 15-64)",IC.BUS.NDNS.ZS,United States,USA,..,..,..,..,..,..,..,..,..,..,..
"New business density (new registrations per 1,000 people ages 15-64)",IC.BUS.NDNS.ZS,Uruguay,URY,..,3.6407307677751,2.80476175602156,2.87175304935191,2.088773796078,1.78261113798996,1.83501712351934,1.51248167760212,1.50426910140044,2.2908838514309,..
"New business density (new registrations per 1,000 people ages 15-64)",IC.BUS.NDNS.ZS,Uzbekistan,UZB,..,0.663683353023791,0.850744094548048,0.840370860004529,0.896055060278907,1.01886091043062,1.20281381079765,1.62392867360168,2.71893400833215,2.71299927685023,..
"New business density (new registrations per 1,000 people ages 15-64)",IC.BUS.NDNS.ZS,Vanuatu,VUT,..,0.485787252942483,0.364355259873015,0.579446760036611,0.53515932273331,0.813730767786277,1.02402184579938,1.53277646415798,..,..,..
"New business density (new registrations per 1,000 people ages 15-64)",IC.BUS.NDNS.ZS,"Venezuela, RB",VEN,..,..,..,..,..,..,..,..,..,..,..
"New business density (new registrations per 1,000 people ages 15-64)",IC.BUS.NDNS.ZS,Vietnam,VNM,..,0.81285350750987,0.88152911726486,0.881331257304465,1.13280653898099,1.32991570201745,1.54990678047567,1.60908700552882,1.66715760902963,1.66122813901736,..
"New business density (new registrations per 1,000 people ages 15-64)",IC.BUS.NDNS.ZS,Virgin Islands (U.S.),VIR,..,..,..,..,..,..,..,..,..,..,..
"New business density (new registrations per 1,000 people ages 15-64)",IC.BUS.NDNS.ZS,West Bank and Gaza,PSE,..,..,..,..,..,..,..,..,..,..,..
"New business density (new registrations per 1,000 people ages 15-64)",IC.BUS.NDNS.ZS,"Yemen, Rep.",YEM,..,..,..,..,..,..,..,..,..,..,..
"New business density (new registrations per 1,000 people ages 15-64)",IC.BUS.NDNS.ZS,Zambia,ZMB,..,1.2003277739895,1.23118443661364,1.18718072105382,1.11169701882208,1.04107531324647,1.06217924283199,1.11412241288077,1.00673324912099,1.07476169634164,..
"New business density (new registrations per 1,000 people ages 15-64)",IC.BUS.NDNS.ZS,Zimbabwe,ZWE,..,1.31545154527095,1.33610461445077,1.27373072027218,1.20040746243805,1.06296608622665,1.22657926913505,2.12995945727974,3.11499183789497,2.47663124398648,..
"New business density (new registrations per 1,000 people ages 15-64)",IC.BUS.NDNS.ZS,Africa Eastern and Southern,AFE,..,..,..,..,..,2.00890282412771,0.709784830788752,0.740309735137291,..,..,..
"New business density (new registrations per 1,000 people ages 15-64)",IC.BUS.NDNS.ZS,Africa Western and Central,AFW,..,0.741138288789618,0.594910476739924,0.566640936327077,0.578774344068038,0.593150607241746,0.585766291918279,0.650871804245394,0.775834206313175,0.790806843110189,..
"New business density (new registrations per 1,000 people ages 15-64)",IC.BUS.NDNS.ZS,Arab World,ARB,..,0.555681365185961,0.559957163790778,0.577384214131278,0.597471147960412,0.6716196482203,..,..,..,..,..
"New business density (new registrations per 1,000 people ages 15-64)",IC.BUS.NDNS.ZS,Caribbean small states,CSS,..,2.11313307299873,2.26250396969558,2.27523986685504,2.56997241307265,2.46356743429577,2.43473375655596,2.6118879011085,2.86813407725663,2.77451678919193,..
"New business density (new registrations per 1,000 people ages 15-64)",IC.BUS.NDNS.ZS,Central Europe and the Baltics,CEB,..,3.09428081599233,3.262690766701,2.97959714272379,3.19455245630836,3.53141071765224,3.97441998711866,3.9609810006444,4.04358309895524,3.66793176705027,..
"New business density (new registrations per 1,000 people ages 15-64)",IC.BUS.NDNS.ZS,Early-demographic dividend,EAR,..,0.412548436311824,0.440255413796448,0.446161482139771,0.485972100839561,0.514366334987954,0.369000742186182,0.394593302346767,0.700674244043419,0.740793060116842,..
"New business density (new registrations per 1,000 people ages 15-64)",IC.BUS.NDNS.ZS,East Asia & Pacific,EAS,..,2.89912893970319,3.2469876936685,4.89744506579109,5.40725603295282,6.27374764670841,6.80724793421256,6.86216352784014,6.61904599797001,6.90795447171553,..
"New business density (new registrations per 1,000 people ages 15-64)",IC.BUS.NDNS.ZS,East Asia & Pacific (excluding high income),EAP,..,2.85395468127892,3.20180724064892,5.01289622170697,5.57683402480603,6.52565690591605,7.00912866192984,7.08162087795435,6.85201598603736,7.16774633895655,..
"New business density (new registrations per 1,000 people ages 15-64)",IC.BUS.NDNS.ZS,East Asia & Pacific (IDA & IBRD countries),TEA,..,2.85395468127892,3.20180724064892,5.01289622170697,5.57683402480603,6.52565690591605,7.00912866192984,7.08162087795435,6.85201598603736,7.16774633895655,..
"New business density (new registrations per 1,000 people ages 15-64)",IC.BUS.NDNS.ZS,Euro area,EMU,..,2.67907493467503,2.75883650004229,2.78372624565148,2.87530501425622,3.04817257523479,3.16350550966065,3.28443457317442,3.48067546630889,3.32931855059085,..
"New business density (new registrations per 1,000 people ages 15-64)",IC.BUS.NDNS.ZS,Europe & Central Asia,ECS,..,3.4231247914474,3.57771004816083,3.49757394376055,3.68602965641626,3.86415051959525,3.90723676799747,4.03022277160733,4.21378288209071,4.21027184753875,..
"New business density (new registrations per 1,000 people ages 15-64)",IC.BUS.NDNS.ZS,Europe & Central Asia (excluding high income),ECA,..,2.51673735506058,2.6496895667383,2.37857912177741,2.53848473081391,2.54808197963309,2.53624577013029,2.42839356178694,2.48945737909843,2.2336862091871,..
"New business density (new registrations per 1,000 people ages 15-64)",IC.BUS.NDNS.ZS,Europe & Central Asia (IDA & IBRD countries),TEC,..,2.45596614982267,2.60903496218568,2.37004221486546,2.5686682977485,2.6246778227752,2.69010616734409,2.60100237319131,2.67406899444596,2.39078374503761,..
"New business density (new registrations per 1,000 people ages 15-64)",IC.BUS.NDNS.ZS,European Union,EUU,..,2.74766929519106,2.83266201429865,2.87395582744491,3.03657017864047,3.25307109593815,3.43773302606332,3.51183568592636,3.61235625123264,3.46156878860588,..
"New business density (new registrations per 1,000 people ages 15-64)",IC.BUS.NDNS.ZS,Fragile and conflict affected situations,FCS,..,..,..,..,..,0.466036378254363,0.570488906988875,..,..,..,..
"New business density (new registrations per 1,000 people ages 15-64)",IC.BUS.NDNS.ZS,Heavily indebted poor countries (HIPC),HPC,..,..,..,..,..,0.317663044121202,0.384335146938964,0.394192876923836,..,..,..
"New business density (new registrations per 1,000 people ages 15-64)",IC.BUS.NDNS.ZS,High income,HIC,..,3.56184936782929,3.87528569334408,4.10739851716639,4.23666911101957,4.46873686353608,4.51438551676531,4.6165907585525,..,..,..
"New business density (new registrations per 1,000 people ages 15-64)",IC.BUS.NDNS.ZS,IBRD only,IBD,..,1.90104707927582,2.09970219109199,2.90458172287044,3.19477412204603,3.64184869116481,3.6166032474371,3.63193105554891,3.62816180919194,3.72458420859711,..
"New business density (new registrations per 1,000 people ages 15-64)",IC.BUS.NDNS.ZS,IDA & IBRD total,IBT,..,1.71347677990737,1.88237178350478,2.55856376464963,2.69910246654544,3.01339073577814,2.93792430265545,2.94717030064695,3.2129189575604,3.297802935705,..
"New business density (new registrations per 1,000 people ages 15-64)",IC.BUS.NDNS.ZS,IDA blend,IDB,..,0.481949755195728,0.469212585752092,0.45008386857908,0.432526101545958,0.464668083298759,0.583287202854803,0.694882651787178,0.809304983546041,0.829451382271619,..
"New business density (new registrations per 1,000 people ages 15-64)",IC.BUS.NDNS.ZS,IDA only,IDX,..,..,..,..,0.295638936822371,0.299863321448725,0.341779666047099,0.36669103609704,..,..,..
"New business density (new registrations per 1,000 people ages 15-64)",IC.BUS.NDNS.ZS,IDA total,IDA,..,..,..,..,0.348352969492717,0.35699081799305,0.430693788585461,0.487085627489567,..,..,..
"New business density (new registrations per 1,000 people ages 15-64)",IC.BUS.NDNS.ZS,Late-demographic dividend,LTE,..,3.27378087134703,3.59195756922757,5.21281823391173,5.73827081605388,6.61890036784805,6.33271704614021,6.37680428562146,6.12805221560487,6.42086396225489,..
"New business density (new registrations per 1,000 people ages 15-64)",IC.BUS.NDNS.ZS,Latin America & Caribbean,LCN,..,1.59914004402223,1.91683808899958,1.84517999533054,1.76980272610264,1.73468383369658,1.85348448903785,1.91256606817658,2.24114406686429,2.51725649876334,..
"New business density (new registrations per 1,000 people ages 15-64)",IC.BUS.NDNS.ZS,Latin America & Caribbean (excluding high income),LAC,..,1.57576991244931,1.62746118565631,1.51729114233302,1.43793932613423,1.39804846425876,1.51753614684829,1.5515710840176,1.83169716595235,2.07103309997853,..
"New business density (new registrations per 1,000 people ages 15-64)",IC.BUS.NDNS.ZS,Latin America & the Caribbean (IDA & IBRD countries),TLA,..,1.59914004402223,1.91683808899958,1.84517999533054,1.76531457943208,1.72772704967241,1.84674994673818,1.89878312143946,2.222076947769,2.49690072638959,..
"New business density (new registrations per 1,000 people ages 15-64)",IC.BUS.NDNS.ZS,Least developed countries: UN classification,LDC,..,..,..,..,0.272922115256652,0.27295126423434,0.32410909064508,0.345985559206317,..,..,..
"New business density (new registrations per 1,000 people ages 15-64)",IC.BUS.NDNS.ZS,Low & middle income,LMY,..,1.70548592392172,1.84752875479037,2.53458990979288,2.6736325752212,2.98950729644601,2.90445080506232,2.91211655319876,3.17539672899117,3.26265496819709,..
"New business density (new registrations per 1,000 people ages 15-64)",IC.BUS.NDNS.ZS,Low income,LIC,..,..,..,..,..,0.291144733748026,0.383394072128209,0.391272622678987,..,..,..
"New business density (new registrations per 1,000 people ages 15-64)",IC.BUS.NDNS.ZS,Lower middle income,LMC,..,0.298708750666547,0.292943694513765,0.281049445423949,0.284929784377899,0.31466044936488,0.35356332811054,0.366227129833219,0.426190338036212,0.436717951861124,..
"New business density (new registrations per 1,000 people ages 15-64)",IC.BUS.NDNS.ZS,Middle East & North Africa,MEA,..,..,..,..,..,0.773258679695508,..,..,..,..,..
"New business density (new registrations per 1,000 people ages 15-64)",IC.BUS.NDNS.ZS,Middle East & North Africa (excluding high income),MNA,..,..,..,..,..,..,..,..,..,..,..
"New business density (new registrations per 1,000 people ages 15-64)",IC.BUS.NDNS.ZS,Middle East & North Africa (IDA & IBRD countries),TMN,..,..,..,..,..,..,..,..,..,..,..
"New business density (new registrations per 1,000 people ages 15-64)",IC.BUS.NDNS.ZS,Middle income,MIC,..,1.73284055853636,1.87947215186572,2.60813490892374,2.78146773838444,3.16868489771148,3.0904200456549,3.10403473576209,3.269672531252,3.35974917750685,..
"New business density (new registrations per 1,000 people ages 15-64)",IC.BUS.NDNS.ZS,North America,NAC,..,..,..,..,..,..,..,..,..,..,..
"New business density (new registrations per 1,000 people ages 15-64)",IC.BUS.NDNS.ZS,Not classified,INX,..,..,..,..,..,..,..,..,..,..,..
"New business density (new registrations per 1,000 people ages 15-64)",IC.BUS.NDNS.ZS,OECD members,OED,..,..,..,3.22941628373302,3.39020486702237,3.57718388542644,3.58345329046546,3.68551679827153,..,..,..
"New business density (new registrations per 1,000 people ages 15-64)",IC.BUS.NDNS.ZS,Other small states,OSS,..,5.87149713252518,5.43181731216087,5.80090924046598,6.30644916219408,7.43696222652091,7.21578021939953,7.35807956698436,..,..,..
"New business density (new registrations per 1,000 people ages 15-64)",IC.BUS.NDNS.ZS,Pacific island small states,PSS,..,..,..,..,..,..,..,..,..,..,..
"New business density (new registrations per 1,000 people ages 15-64)",IC.BUS.NDNS.ZS,Post-demographic dividend,PST,..,..,..,..,..,..,..,..,..,..,..
"New business density (new registrations per 1,000 people ages 15-64)",IC.BUS.NDNS.ZS,Pre-demographic dividend,PRE,..,..,..,..,0.422001762921947,0.427181743977998,0.506055772057214,0.551654625003773,..,..,..
"New business density (new registrations per 1,000 people ages 15-64)",IC.BUS.NDNS.ZS,Small states,SST,..,4.88018589582989,4.59831848309595,4.88731571287927,5.28700874242547,6.11153400226465,5.95487825379421,6.11562151182769,..,..,..
"New business density (new registrations per 1,000 people ages 15-64)",IC.BUS.NDNS.ZS,South Asia,SAS,..,0.131425801346991,0.115054678648214,0.0952522763265427,0.103058833376398,0.11909620994489,0.134340801032354,0.146661241744881,0.153386334812989,0.173890929761468,..
"New business density (new registrations per 1,000 people ages 15-64)",IC.BUS.NDNS.ZS,South Asia (IDA & IBRD),TSA,..,0.131425801346991,0.115054678648214,0.0952522763265427,0.103058833376398,0.11909620994489,0.134340801032354,0.146661241744881,0.153386334812989,0.173890929761468,..
"New business density (new registrations per 1,000 people ages 15-64)",IC.BUS.NDNS.ZS,Sub-Saharan Africa,SSF,..,..,..,..,..,1.4203675585384,0.654650566687107,0.700653955431712,..,..,..
"New business density (new registrations per 1,000 people ages 15-64)",IC.BUS.NDNS.ZS,Sub-Saharan Africa (excluding high income),SSA,..,..,..,..,..,1.42032568571182,0.654514180997676,0.700382301814703,..,..,..
"New business density (new registrations per 1,000 people ages 15-64)",IC.BUS.NDNS.ZS,Sub-Saharan Africa (IDA & IBRD countries),TSS,..,..,..,..,..,1.4203675585384,0.654650566687107,0.700653955431712,..,..,..
"New business density (new registrations per 1,000 people ages 15-64)",IC.BUS.NDNS.ZS,Upper middle income,UMC,..,3.2533934069094,3.54664381329213,5.00023115622142,5.53217248625275,6.3538214992442,6.04209179921182,6.06498349082585,5.96570491517981,6.27023108368986,..
"New business density (new registrations per 1,000 people ages 15-64)",IC.BUS.NDNS.ZS,World,WLD,..,1.96742689908874,2.13467099443912,2.75034078698617,2.87973687188352,3.18292450906325,3.11912827711374,3.1387324591051,3.40976759019092,3.49402956672593,..
,,,,,,,,,,,,,,
,,,,,,,,,,,,,,
,,,,,,,,,,,,,,
Data from database: World Development Indicators,,,,,,,,,,,,,,
Last Updated: 12/22/2022,,,,,,,,,,,,,,
